,wavelength,silver,aluminium,aluminium oxide,gold,glass,cobalt,chromium,copper,gallium nitride,indium tin oxide,magnesium oxide,nickel,polyethylene,platinum,quartz,silicon,silicon nitride,silicon oxide,titanium,tin oxide,tungsten,air,caesium,iron,lead,lithium,pva,pvc,pvp,zinc,pmma,spr350
0,400,(0.173+1.9500000000000002j),(0.49012197639587324+4.8605948063222995j),(1.7899789223320408+0j),(1.6579265912185561+1.9560455836117026j),(1.530977739447113+4.802065491314512e-07j),(1.455067879113597+3.002268984865912j),(2.010298823049719+2.8503811068148677j),(1.1750000000000003+2.1300000000000003j),(2.5649999999999995-5.5294310796760726e-18j),(2.1152+0.04350352j),(1.7621+0j),(1.61+2.3600000000000003j),(1.5141317176472282+0j),(1.7176+2.844j),(1.5576999999999999+0j),(5.57+0.38700000000000007j),(2.0739-3.6287601640166543e-29j),(1.4701+0j),(1.5502073928035738+2.150110269868377j),(3.2861000000000002-6.352747104407253e-22j),(3.3919+2.4187j),(1+0j),(0.4412246585453735+0.40005941182403093j),(2.2610527721328824+2.5940509496065673j),(0.31073128421570934+3.9038028180785345j),(0.26251588095689204+1.752103179859511j),(1.5015622712379681+0j),(1.56135+2.72e-06j),(1.5523640625000001+0.00397496253061592j),(0.5792499296939762+3.4980783237879804j),(1.50029+3.82e-07j),(1.62121877346799+0j)
1,405,(0.17231501237246927+2.0103853713603423j),(0.5024513422923832+4.920095322801728j),(1.7866536396720225+0j),(1.6496239893503732+1.9590280377598441j),(1.5303076485064644+4.777323375750005e-07j),(1.4783748911389694+3.044327200152691j),(2.0354574514813413+2.8809799749979814j),(1.176826092770598+2.14922233602761j),(2.544631777920937+0.01754754077874385j),(2.1065113552780392+0.04281866786718864j),(1.761+0j),(1.6095123688697288+2.389253302239857j),(1.5137+0j),(1.7303805281879119+2.873969674264601j),(1.5571000000000002+0j),(5.42540733877521+0.33051007954665423j),(2.071658610647919-1.666731004719848e-13j),(1.4696000000000002+0j),(1.5664013983821738+2.1577947958197443j),(3.252300046877919-1.3857988461338821e-05j),(3.379224716085637+2.41965942730519j),(1+0j),(0.42461061403221223+0.41872943925809847j),(2.2949998053123033+2.616765949336993j),(0.31735551810993234+3.961772503809437j),(0.25576980986054093+1.783000287330214j),(1.5005427843684243+0j),(1.5606118266681013+2.508147409446258e-06j),(1.5509751261809888+0.0038753256604008566j),(0.5879350913037423+3.550865084813562j),(1.4994756657323751+2.920383324816302e-07j),(1.6197328589777114+0j)
2,410,(0.17331952509765544+2.070984058674658j),(0.5148820381280523+4.979958246334959j),(1.7819891845410378+0j),(1.6409929554955436+1.9592856971097041j),(1.5296283162390283+4.7648581424127687e-07j),(1.5037512519042202+3.0837341509626603j),(2.0615947688947287+2.910179193561852j),(1.1790944586847294+2.185911924202471j),(2.530995680414094+0.02306872311682114j),(2.098+0.04223955j),(1.7598000000000003+0j),(1.609353750877786+2.41996724050472j),(1.5132724235291573+0j),(1.7429058825199022+2.902324418414161j),(1.5565+0j),(5.2955385488564835+0.2952406648550278j),(2.0695+8.283039504820624e-30j),(1.4691+0j),(1.5808423717816849+2.164068135246036j),(3.2248000000000006+3.1763735522036263e-22j),(3.3616051710524664+2.419400141413214j),(1+0j),(0.41612492583060706+0.4302223427963237j),(2.328946990591487+2.638101301147893j),(0.324194984720257+4.019704956704369j),(0.2494470830454075+1.8154216684847613j),(1.4995596338361545+0j),(1.5598300000000003+2.3499999999999995e-06j),(1.5496591966140623+0.0037811035160260228j),(0.5968841846483828+3.603337916638836j),(1.49875+2.39e-07j),(1.6183072048495706+0j)
3,415,(0.172055977493537+2.1288260388362987j),(0.5272173069716958+5.041468249340912j),(1.779346617083169+0j),(1.6338459912366616+1.9568468839242357j),(1.5290492691733313+4.751286696775e-07j),(1.5303216561305921+3.123976755400723j),(2.090178837134873+2.9407597289484952j),(1.1799379377232841+2.220566492267332j),(2.523889317537871+0.016968577380802312j),(2.089661446614869+0.04175781834934131j),(1.7587999999999997+0j),(1.6107332185052479+2.4496583964310665j),(1.5128489882347005+0j),(1.756019489644217+2.9312910968765222j),(1.5559+0j),(5.186399063304284+0.25976702473510827j),(2.067406282388742+2.8596583075445574e-14j),(1.4686+0j),(1.5947717710774962+2.1737963716301585j),(3.202823672917824+2.3776549255460224e-06j),(3.3452738674939937+2.4208332955920953j),(1+0j),(0.4099156465098505+0.4412686101605259j),(2.3643206305394266+2.6575564191370575j),(0.3312496840466831+4.077600176763332j),(0.24337794602861798+1.839867779076183j),(1.4986123760570502+0j),(1.5590045199956966+2.245557771661225e-06j),(1.5484114538818448+0.003692069216198809j),(0.6060972097278978+3.655496819263805j),(1.4981130028028744+2.2288500255510943e-07j),(1.6169385585289011+0j)
4,420,(0.16705833493913763+2.182719361496944j),(0.5393918286569532+5.105062715589191j),(1.7789698987521079+0j),(1.628369165414323+1.9517454259910723j),(1.5284973749070687+4.737857864062956e-07j),(1.5578632748710235+3.165287634264551j),(2.121315003833441+2.9729211423885333j),(1.1782405339707578+2.2480584897163887j),(2.518553269291679+0.008771833961276768j),(2.0815000000000006+0.04136638j),(1.7577000000000003+0j),(1.6141451406440466+2.477513083519385j),(1.512429552940244+0j),(1.77029776976309+2.9621412071240267j),(1.5554+0j),(5.088462953703996+0.23827547369954136j),(2.0654000000000003+9.860761315262648e-31j),(1.4681+0j),(1.6082786828898366+2.187328693510845j),(3.1856+9.926167350636332e-24j),(3.333837450613726+2.4261006663535576j),(1+0j),(0.40024627995123735+0.4584659453031722j),(2.4011207251561215+2.675131303304486j),(0.3385196160892107+4.135458163986323j),(0.23705784641125824+1.8574612098990388j),(1.4976984126984+0j),(1.55812+2.16e-06j),(1.5472276348977019+0.0036068614731635555j),(0.6155741665422872+3.707341792688467j),(1.49752+2.24e-07j),(1.6156238853964555+0j)
5,425,(0.16190095348953112+2.234403079173091j),(0.5516593247657436+5.168396727307204j),(1.779745634110285+0j),(1.6209060345327595+1.9444248349461277j),(1.5278683143388516+4.7242254231659185e-07j),(1.585346903726483+3.2061680696640664j),(2.153771225024976+3.004880289075806j),(1.1760355240533835+2.2752866990797807j),(2.512980115005309+0.0024958186378325536j),(2.073519965032747+0.04105814203676353j),(1.7566999999999997+0j),(1.618044469124928+2.505332332136591j),(1.5120132705874725+0j),(1.7853745228865756+2.9946090320782557j),(1.5549000000000002+0j),(5.002292755133843+0.20940641931140383j),(2.063503695019633-4.906397980688635e-15j),(1.4675999999999996+0j),(1.6222831316221573+2.2026414661278073j),(3.1723579156151374-4.0794109193731435e-07j),(3.3265784433114396+2.438673987282904j),(1+0j),(0.3871168261547676+0.4818143482242624j),(2.4385581573585875+2.691139550825699j),(0.34600478084784+4.1932789183733465j),(0.23043338982587153+1.894258062388136j),(1.496816483962525+0j),(1.5571610533577203+2.0585059605863923e-06j),(1.5461035751488+0.0035252534056276503j),(0.6253150550915514+3.758872836912823j),(1.4969263174503782+2.2265165218771326e-07j),(1.614360351429409+0j)
6,430,(0.15902146562461217+2.2829307815351045j),(0.5642405814197253+5.2300612151798695j),(1.7801537295713235+0j),(1.6104260339216832+1.9353205251462686j),(1.5273386683261996+4.711421377112529e-07j),(1.612553685924892+3.246284174103491j),(2.1858836710440586+3.0342290981058593j),(1.1742069212160309+2.30127830975325j),(2.507169854678759-0.0018594685895303325j),(2.0657+0.04082706j),(1.7558+0j),(1.6216898451462347+2.5338990836599344j),(1.5116+0j),(1.8000630707310301+3.027311038638209j),(1.5544+0j),(4.923399170331214+0.19566779304444443j),(2.0617000000000005-3.0814879110195774e-32j),(1.4672+0j),(1.6380275760975906+2.217001845815937j),(3.1624+4.1359030627651384e-25j),(3.321877778580604+2.4561217640865594j),(1+0j),(0.37052730818316115+0.5113137843039586j),(2.473388779138992+2.70687039453339j),(0.35370517832257076+4.251062439924398j),(0.22555746645740377+1.9213733619171651j),(1.495965497769531+0j),(1.5562499999999997+1.96e-06j),(1.5450354238175503+0.0034472450135910934j),(0.6353198753756898+3.8100899519368725j),(1.4964000000000002+2.1800000000000002e-07j),(1.6131453074512292+0j)
7,435,(0.1585082148276779+2.328586214359971j),(0.5771951630025967+5.28953278607165j),(1.7801853014782694+0j),(1.596134223665656+1.9245925821611882j),(1.5268187327061276+4.686513430639926e-07j),(1.6398469595801353+3.2858308506525695j),(2.2176432770301275+3.0609544498502688j),(1.1728266001785577+2.3255714678000805j),(2.5011224883120304-0.004294027720811884j),(2.0580187631886497+0.040667089430077505j),(1.7549+0j),(1.6249417876807115+2.563269338117914j),(1.5111897411778268+0j),(1.8134778525291995+3.05933577984221j),(1.5539+0j),(4.851762750234878+0.18544360801232068j),(2.059971547493462+8.41804808686236e-16j),(1.4668000000000003+0j),(1.6555187854681837+2.2303949435230193j),(3.155028833391352+6.999162607786384e-08j),(3.3112219949481516+2.46684715498161j),(1+0j),(0.3536583737918883+0.5421897294593881j),(2.5052618717937865+2.7224632109500124j),(0.3616369171863388+4.308815034190159j),(0.2220956572394262+1.9361749493774587j),(1.4951432017046353+0j),(1.5555091598579807+1.88340646482042e-06j),(1.5440196213186095+0.0033728362970538855j),(0.645576690589033+3.8610077387065225j),(1.4960090924948566+2.092050843186111e-07j),(1.6119762748061834+0j)
8,440,(0.157944533922816+2.373551890089009j),(0.590444495449436+5.347034055278996j),(1.780047639699651+0j),(1.5767102622585036+1.9121467694256309j),(1.526367722032013+4.674101201990167e-07j),(1.6673857069093287+3.324883397168598j),(2.250491006159437+3.0861174968736935j),(1.171208323184141+2.3489541700177132j),(2.4948380159051227-0.004807858756012108j),(2.0505+0.04057307j),(1.7540000000000002+0j),(1.6281752324622771+2.592840587075934j),(1.510782494120953+0j),(1.8247825105615298+3.0900129664315927j),(1.5534+0j),(4.787200306910848+0.16895631151793222j),(2.0583-3.235562306570556e-32j),(1.4663000000000002+0j),(1.6722396182414305+2.2430889884600895j),(3.1494000000000004+4.1359030627651384e-25j),(3.301678559289326+2.4780896440575084j),(1+0j),(0.3396565729324223+0.5697188443973416j),(2.5341774353229702+2.7379180000755667j),(0.36986949093540655+4.366563903582917j),(0.21693274776923352+1.9671294398288448j),(1.4943492898988064+0j),(1.5549099999999998+1.82e-06j),(1.5430529272727864+0.0033019152988953697j),(0.6560340048471281+3.911689186319871j),(1.4956000000000003+2.0499999999999997e-07j),(1.6108509323134+0j)
9,445,(0.15581655257524898+2.420464326326682j),(0.6040079020279477+5.406840456965638j),(1.779977474562886+0j),(1.5479779833012492+1.896861147344357j),(1.5258166620026592+4.6604819789153886e-07j),(1.6968999999999999+3.3627j),(2.2860536920938292+3.1109162702854527j),(1.1689082273255162+2.3716255278502127j),(2.488342015793138-0.003511386353326557j),(2.043167455835354+0.04053984138277146j),(1.7530999999999999+0j),(1.631345243329245+2.6230119345405196j),(1.5103791058876932+0j),(1.835261568988356+3.1199754849288013j),(1.5529+0j),(4.728915009771422+0.1522356525488272j),(2.0566670200195967-1.4443087142878088e-16j),(1.4660000000000002+0j),(1.685348245716145+2.255386808844267j),(3.144669084036751-1.200866452986864e-08j),(3.3026234020602483+2.4997417640775708j),(1+0j),(0.3285219056047632+0.593901129117819j),(2.5605544821161392+2.7530055330960956j),(0.37841089346400997+4.424312177218609j),(0.2118300225461822+2.0005754851528788j),(1.493581564422185+0j),(1.554423987494395+1.7610552504910869e-06j),(1.5421324630677675+0.0032338102763916038j),(0.6666858945358812+3.962141540464866j),(1.495019127580484+2.1411784190062005e-07j),(1.6097671043707842+0j)
10,450,(0.15186307900169074+2.4698222468898656j),(0.6178851869368841+5.469450714574814j),(1.7799750628600726+0j),(1.5092532321920789+1.8789656474441276j),(1.5253879061443485+4.646871074572178e-07j),(1.7296524415342778+3.398739285227804j),(2.3243328096183187+3.135351856145154j),(1.1658757725048436+2.393659212948848j),(2.4820035145884782-0.0019977414720884893j),(2.036+0.04056298000000001j),(1.7523+0j),(1.6344386092275678+2.6538011845268477j),(1.5099846588279373+0j),(1.8458480300773328+3.1493140981741234j),(1.5524999999999998+0j),(4.673460538054208+0.14625360966683856j),(2.0551000000000004-1.925929944387236e-33j),(1.4656+0j),(1.694842091669274+2.2672886792005538j),(3.1405-6.462348535570529e-26j),(3.3092957102312393+2.5260781127675003j),(1+0j),(0.3202543718089109+0.6147365836208204j),(2.585257225226835+2.767253025582817j),(0.387261124772149+4.4820598550972335j),(0.20722879207865985+2.030375556415904j),(1.4928394906431839+0j),(1.55388+1.7099999999999997e-06j),(1.5412554031397998+0.00316840927242193j),(0.677532359655292+4.012364801141506j),(1.4944299999999997+2.24e-07j),(1.6087227500959989+0j)
11,455,(0.14760664519057476+2.518951080207005j),(0.6320369304722331+5.529537061231832j),(1.7800052703855889+0j),(1.4649335488310642+1.8611696656983385j),(1.5248770516989003+4.635718635873706e-07j),(1.7620362219602645+3.4331326430911653j),(2.3649039692565497+3.1595875364585435j),(1.1626580521908396+2.4150477098175793j),(2.4759434696535845-0.0007891111643695203j),(2.028976501799229+0.0406380622732938j),(1.7515+0j),(1.6375215121734459+2.6844980111885053j),(1.5096000000000003+0j),(1.8576745909940993+3.1771657712367296j),(1.5521+0j),(4.62286429563891+0.13093259642454486j),(2.053626332388958+2.4780419886449282e-17j),(1.4651999999999998+0j),(1.7024276963349598+2.279241410376269j),(3.136556662388144+2.0603611013480038e-09j),(3.3095125979314512+2.542070643001839j),(1+0j),(0.31485395404766947+0.6322252332161341j),(2.608311852929408+2.7806461507348583j),(0.3964201848598238+4.539806937218793j),(0.2015547274950868+2.0592280216849286j),(1.4921217712026074+0j),(1.5531069151756491+1.6702620322330588e-06j),(1.540419121455804+0.0031057122869863492j),(0.6885734002053606+4.062358968349791j),(1.493996142022238+2.2208786427766844e-07j),(1.6077159534016832+0j)
12,460,(0.14339224983536472+2.567004488536558j),(0.6462695919643179+5.589904176511323j),(1.7799956328403412+0j),(1.418699526862023+1.8430257321530559j),(1.524479002902249+4.626132346045449e-07j),(1.7891091368782037+3.4660601101039834j),(2.4068978166840287+3.183957791521946j),(1.1595683438637425+2.436121366546356j),(2.470161880988458+0.00011450456983034987j),(2.0221+0.0407613j),(1.7506999999999997+0j),(1.6403994787934517+2.714306682204465j),(1.5092251294038825+0j),(1.8702747788004312+3.204200386525915j),(1.5516+0j),(4.575832682599653+0.12991022059644677j),(2.0522-1.5888922041194696e-33j),(1.4648000000000003+0j),(1.711600877152437+2.292160286477138j),(3.13-1.4217166778255163e-25j),(3.309722024895404+2.5561413076919277j),(1+0j),(0.3108823463682173+0.6484475951748534j),(2.629718365223857+2.7931849085522185j),(0.40588807372703417+4.597553423583287j),(0.19605794870330406+2.087447228921317j),(1.491427108741262+0j),(1.55236+1.64e-06j),(1.5396211784222666+0.003045719320084861j),(0.6998090161860872+4.112124042089723j),(1.49358+2.1300000000000001e-07j),(1.6067449139136323+0j)
13,465,(0.13943823073711598+2.613392773106569j),(0.6604067287278024+5.653658719480257j),(1.7799439543364777+0j),(1.3735831051019647+1.8240855312964568j),(1.5240730042201605+4.6133566109723325e-07j),(1.8131343424132633+3.4981426989919884j),(2.4502884848896196+3.208472573555426j),(1.1568632498127667+2.4571937122860845j),(2.464658748593098+0.0007131057305111206j),(2.0153735333692744+0.04092890497746578j),(1.7500000000000002+0j),(1.6428895881213716+2.7425223237282186j),(1.508860047039584+0j),(1.8829948245501105+3.2312978463078554j),(1.5512+0j),(4.53137829028007+0.13476959970541566j),(2.0507749856466546-4.251647889914793e-18j),(1.4645+0j),(1.722465649649188+2.3060725411218246j),(3.1179909416343836-3.5350207821938354e-10j),(3.3152439923636683+2.5766061721433737j),(1+0j),(0.30692118712183597+0.6654553372252724j),(2.649314949944575+2.8052272505977247j),(0.4156647913737803+4.655299314190714j),(0.19210356131292733+2.115006540952837j),(1.4907550937952956+0j),(1.5518945214517095+1.6173725561105593e-06j),(1.5388593426633914+0.002988346106577914j),(0.7112392075974714+4.1616600223613j),(1.4930440202860855+2.0135497243336918e-07j),(1.605807938652701+0j)
14,470,(0.1358653721139084+2.6588017549224503j),(0.674746257513774+5.7164336361486345j),(1.779867404820745+0j),(1.324220761985019+1.808696013594954j),(1.523666665230268+4.588339400298745e-07j),(1.83971622852822+3.530895809620553j),(2.4951412141076212+3.2327723808696582j),(1.1541566688986113+2.4775484985563603j),(2.459434072467505+0.0010066923176727924j),(2.0088+0.04113761j),(1.7493+0j),(1.6455555015260448+2.770428736570118j),(1.5085038117336+0j),(1.8951677648685588+3.2597696761884043j),(1.5508+0j),(4.491805663575715+0.11955131308526244j),(2.0494000000000003-1.8055593228630336e-34j),(1.4641000000000002+0j),(1.7347720918508025+2.3208267466774513j),(3.1041-6.058451752097371e-27j),(3.325236542621613+2.6006763580010235j),(1+0j),(0.3029704763085251+0.6832484593673909j),(2.666767869499994+2.8175114519697053j),(0.4257503378000621+4.713044609041077j),(0.18876875879913368+2.1403221458229083j),(1.4901040430133132+0j),(1.5514499999999998+1.6e-06j),(1.5381316236523064+0.002933087055628194j),(0.7228639744395136+4.210966909164523j),(1.49249+1.9700000000000003e-07j),(1.6049034344067088+0j)
15,475,(0.1328420845927744+2.7033360627405547j),(0.6894103504114875+5.777173446965058j),(1.7799301923014734+0j),(1.2672206211533388+1.7984456258708459j),(1.5232599269107028+4.575498361988372e-07j),(1.868773247007808+3.563834290777129j),(2.5420710504729875+3.25346804530934j),(1.1512495264503775+2.4968893085381643j),(2.4544878526116776+0.0009952643313153647j),(2.0023822979851253+0.041384147861911524j),(1.7486+0j),(1.6486446966529311+2.7987211402830376j),(1.5081507764449071+0j),(1.9066117473021187+3.2900195232496983j),(1.5505000000000002+0j),(4.4540001222655885+0.10537107922813556j),(2.0481237537311143+7.294674530394748e-19j),(1.4638000000000002+0j),(1.7461640879944451+2.3349953334651583j),(3.091897687805554+6.065136796829684e-11j),(3.3343506566045913+2.6155295040294546j),(1+0j),(0.2990302139282849+0.7018269616012087j),(2.682067010629765+2.8300598846408396j),(0.4361516913283049+4.770795988578102j),(0.18544534791972248+2.1646374531451835j),(1.4894737343900677+0j),(1.5507659561140938+1.5855026311035845e-06j),(1.5374360594224998+0.0028798579020961495j),(0.7346808368651644+4.260047416747192j),(1.4920197362612482+2.0978230112211647e-07j),(1.6040299007279817+0j)
16,480,(0.13106733939050233+2.7461673419432273j),(0.704490432119524+5.838521389582169j),(1.7801732768995373+0j),(1.1944781549846146+1.7936166768140134j),(1.5228550557783334+4.561783799629363e-07j),(1.8988348990348742+3.5945355395828438j),(2.5912297685579313+3.269723223846387j),(1.1478187139251976+2.5150271130036868j),(2.449807531001181+0.0007184945065477869j),(1.9961+0.04166571j),(1.7479+0j),(1.6523859879272342+2.828661442859131j),(1.5078+0j),(1.9176805335637876+3.3216108536155904j),(1.5501+0j),(4.420222705345667+0.09367852923247069j),(2.0469+7.222237291452134e-35j),(1.4634999999999998+0j),(1.7560602207820308+2.3482260209567123j),(3.0800000000000005-1.2116903504194741e-27j),(3.342672990158927+2.6225738120950823j),(1+0j),(0.29510039998111537+0.7211908439267263j),(2.695212373333887+2.842872548611125j),(0.4469660419869141+4.828646494148425j),(0.18061142893103227+2.197634028890551j),(1.4888628472222003+0j),(1.5501000000000003+1.58e-06j),(1.5367708181831603+0.0028286586459817815j),(0.7466552570026472+4.308939347578825j),(1.49161+2.2300000000000002e-07j),(1.6031859234988142+0j)
17,485,(0.13040596927105116+2.7875969040266737j),(0.7199730047447046+5.900196398194522j),(1.7805966586149355+0j),(1.108427888949646+1.7954227057486056j),(1.5224593024643065+4.5482055295847213e-07j),(1.9297192619213923+3.6232222662405427j),(2.642617368362452+3.2815379164808007j),(1.1438641198029658+2.5318634035618297j),(2.4453093423108077+0.0004410104187477349j),(1.9899326787199736+0.04197948785106506j),(1.7473+0j),(1.656841822937936+2.8600679678154353j),(1.50745148239888+0j),(1.9287430916944115+3.3540904121995196j),(1.5497000000000003+0j),(4.386472361770694+0.08144396531799228j),(2.0456824919666596-1.2515682832205622e-19j),(1.4632+0j),(1.7644604902135606+2.3605188091521137j),(3.0670229315322954-1.0406129590397517e-11j),(3.3522212174152926+2.6348073075886393j),(1+0j),(0.2911810344670165+0.7413401063439433j),(2.7064515779536404+2.8558681024904553j),(0.4582245845638437+4.886625988950227j),(0.1749748240396175+2.2353201512855176j),(1.4882707411686886+0j),(1.5497097418637278+1.5896116572679326e-06j),(1.53613419056897+0.002779489287285089j),(0.7587761493362553+4.357654835003146j),(1.491237562146426+2.1995122083393225e-07j),(1.6023701690128949+0j)
18,490,(0.1301021241498625+2.8289570276462626j),(0.7357767636212229+5.9601741270830635j),(1.7808944473874162+0j),(1.0199771583334538+1.807364102274844j),(1.522147590848973+4.5346198170074403e-07j),(1.9613419488894235+3.6542205684050346j),(2.694423088535429+3.290076129621277j),(1.1395415325437077+2.547184823132352j),(2.4409778220318015+0.00021166683504210908j),(1.9839+0.042323059999999996j),(1.7466+0j),(1.6620947925188938+2.8917689815533096j),(1.5071052236415463+0j),(1.940769746021512+3.386267160381344j),(1.5494+0j),(4.355223112196555+0.0782239251762964j),(2.0445+3.385423730368188e-36j),(1.4629+0j),(1.771709055432833+2.3727210046359923j),(3.0538-4.796274303743752e-28j),(3.3634965572498+2.6548028866920563j),(1+0j),(0.2872721173859882+0.7622747488528596j),(2.7196915232069854+2.867763159901582j),(0.46992731905909346+4.944734472983505j),(0.17130816740721333+2.2615747513694826j),(1.487696851134115+0j),(1.5494000000000003+1.61e-06j),(1.5355246064407229+0.002732291402178029j),(0.7710435138659881+4.406193879020153j),(1.49089+2.14e-07j),(1.6015813785248905+0j)
19,495,(0.13001466579365695+2.8712117784447306j),(0.7519209935085792+6.0189399597873745j),(1.7802358387578079+0j),(0.931985512053312+1.832910056354248j),(1.5217265181147057+4.5210323291244274e-07j),(1.9936301242177124+3.6882937517900016j),(2.7417953763139162+3.298456572701671j),(1.1355668321998564+2.561259674769312j),(2.4368129701641634+3.0463755430908996e-05j),(1.9780216296950326+0.04269400503169814j),(1.746+0j),(1.6684926454313171+2.9236250620049136j),(1.5067620237107089+0j),(1.9541668707467743+3.417824330639357j),(1.5491+0j),(4.325186259613957+0.07354834674659241j),(2.043381294468928+2.1473516892862654e-20j),(1.4626+0j),(1.778728018208786+2.387102786523439j),(3.041164723000676+1.7854095740882526e-12j),(3.3767889151286385+2.676291791943447j),(1+0j),(0.2834587187129285+0.7835736129090047j),(2.7362803642853315+2.8781148621650314j),(0.48207424547266353+5.0029719462482625j),(0.16890257698737743+2.281865225145451j),(1.4871400116091795+0j),(1.5489755927035405+1.6368274252888198e-06j),(1.534940659888108+0.0026867144476923474j),(0.783457350591846+4.454556479629845j),(1.4905548908601967+2.1851037387429035e-07j),(1.6008183632283766+0j)
20,500,(0.12994572486193223+2.9163271159546817j),(0.7684595435600343+6.077846029893594j),(1.7785741108553161+0j),(0.8490914435269913+1.8791061908422608j),(1.5214537813821813+4.507439327455207e-07j),(2.0254059732173957+3.7204688529009102j),(2.784468438317962+3.3068501049008954j),(1.133533552209409+2.5747287791553717j),(2.432814786707894-0.00010259882008586514j),(1.9723000000000002+0.043090220000000005j),(1.7455+0j),(1.676808353888848+2.955508921574511j),(1.5064266825026238+0j),(1.9696976036229477+3.448236774645929j),(1.5487+0j),(4.297475364402765+0.07288722366078865j),(2.0423-7.2880649750981825e-37j),(1.4623+0j),(1.7855678960886474+2.403788527074137j),(3.03-6.310887241768095e-30j),(3.395225085000034+2.6918427336989272j),(1+0j),(0.27998401949565715+0.804032774610137j),(2.7562181011886784+2.886923209280804j),(0.49466536380455395+5.061338408744496j),(0.16582148719447967+2.310372375200404j),(1.486600062221723+0j),(1.5485+1.67e-06j),(1.5343809599999998+0.0026427j),(0.7960176595138289+4.502742636832224j),(1.4902100000000003+2.24e-07j),(1.6000799996217827+0j)
21,505,(0.12990214017985308+2.9633207136625526j),(0.7853721954504732+6.137257329565228j),(1.775909263679941+0j),(0.7710356137190413+1.942069857354307j),(1.521108722978139+4.4938414880374996e-07j),(2.056187220961851+3.748736019391474j),(2.8224422745475635+3.3152567262189474j),(1.1321867973608626+2.5871171311658854j),(2.4289832716629918-0.00018752089150821325j),(1.9667375431098313+0.043509601958746154j),(1.7449000000000001+0j),(1.686563753521583+2.9873150782962234j),(1.5061000000000002+0j),(1.986753906014743+3.4776807412928146j),(1.5484000000000002+0j),(4.2716647756830115+0.06686631047292438j),(2.041229741219772-3.684273035119705e-21j),(1.4621+0j),(1.7922286890724166+2.4227782262880857j),(3.0211887304636496-3.0632785413200166e-13j),(3.4154172942505014+2.703442126762752j),(1+0j),(0.27686305857658566+0.823577780696006j),(2.7795047339170273+2.8941882012489j),(0.5077006740547647+5.119833860472209j),(0.1623466691740305+2.3439466659446295j),(1.486075846225068+0j),(1.5480367019150312+1.7094237909991493e-06j),(1.5338442027917187+0.0026002480591009883j),(0.8087244406319369+4.55075235062729j),(1.4898330926923955+2.209865359203259e-07j),(1.5993652244775296+0j)
22,510,(0.12991482072850213+3.0099209086217167j),(0.8026133780822478+6.197829460639571j),(1.7727806078793407+0j),(0.6969497101978877+2.01328663787627j),(1.520805379019589+4.4801967098613347e-07j),(2.0859+3.7772j),(2.8580435285097385+3.3230469422118762j),(1.1286998055290751+2.5973516557523197j),(2.4253184250294577-0.00022430245883613535j),(1.9613000000000003+0.04395033999999999j),(1.7443+0j),(1.6966681516069635+3.018827333179776j),(1.5057819762028388+0j),(2.0039668533957538+3.5065779417364134j),(1.5481+0j),(4.2457052862300335+0.06747941670853072j),(2.0402+2.350988701644575e-38j),(1.4618000000000002+0j),(1.799110042939354+2.4433331828150897j),(3.0138+5.9164567891575885e-30j),(3.4341944465839385+2.7116636494683615j),(1+0j),(0.274095835955714+0.8422086311666116j),(2.805902280314655+2.899952104532375j),(0.5211801762232957+5.1784583014314j),(0.15919731213464933+2.3750813885349578j),(1.485567082248401+0j),(1.5476099999999997+1.75e-06j),(1.533329166517485+0.0025593586249953114j),(0.8215776939461699+4.598585621015042j),(1.48946+2.1599999999999998e-07j),(1.5986730317931803+0j)
23,515,(0.12997502299319258+3.055418788012441j),(0.8202434607275151+6.259779884872675j),(1.7705244790219092+0j),(0.6281678560466695+2.0927240833619787j),(1.5204206111415859+4.4635779022225436e-07j),(2.114490402033728+3.8088564310377264j),(2.896959550999416+3.3286819886833525j),(1.122712046025303+2.6041841071491403j),(2.421820246807292-0.0002129435220696316j),(1.9559531116459798+0.044410623215824944j),(1.7438000000000002+0j),(1.706788912768935+3.0498535422554247j),(1.5054726111111387+0j),(2.0210563389625853+3.5349903480396447j),(1.5478+0j),(4.22236395125905+0.05960336458756553j),(2.0392402582124367+6.321213178555686e-22j),(1.4615+0j),(1.8071888695943188+2.4636476822435593j),(3.0069028942174265+5.255755070375721e-14j),(3.4503241208374744+2.716672709506141j),(1+0j),(0.2716823516330423+0.8599253260219538j),(2.831655910813519+2.9048817899927863j),(0.535103870310147+5.237211731622066j),(0.15630700557063737+2.4041477839389707j),(1.48507307643076+0j),(1.5472441958062726+1.7866298287162847e-06j),(1.5328347246241167+0.0025199891724525855j),(0.8345774194565279+4.646242447995479j),(1.4891265529854318+2.155704106037543e-07j),(1.5980024697891617+0j)
24,520,(0.13005635162946144+3.098108438134759j),(0.8384218159636097+6.323618579922766j),(1.7692033985189706+0j),(0.568201231373348+2.180964356252556j),(1.520159174206975+4.4425081054207795e-07j),(2.142023311541329+3.8396193481511256j),(2.939448857961821+3.3320919218062706j),(1.1135078432945984+2.604344747943194j),(2.4184979029110742-0.0001600565781005858j),(1.9507000000000003+0.04488888j),(1.7433000000000003+0j),(1.7161278422772726+3.0798950274089214j),(1.5051720460021485+0j),(2.0373911535039544+3.563046811462805j),(1.5475000000000005+0j),(4.199907081623752+0.056808993688154924j),(2.0383000000000004-2.204051907791789e-38j),(1.4613000000000003+0j),(1.8165095741238955+2.483639646645695j),(3-1.3805065841367707e-30j),(3.4643716476994975+2.7194197159146944j),(1+0j),(0.26962260560857043+0.876727865262033j),(2.8554699447880214+2.9092073750401064j),(0.5494717563153186+5.296094151044212j),(0.15344810140430712+2.432691094890572j),(1.4845931349111843+0j),(1.5469200000000003+1.83e-06j),(1.5323598649781403+0.0024818845500905063j),(0.8477236171630107+4.693722831568603j),(1.4887599999999999+2.17e-07j),(1.5973526366885265+0j)
25,525,(0.13012564503007737+3.138300093273074j),(0.8571236087726095+6.388170600301273j),(1.7688173663705244+0j),(0.5165954403333313+2.2764369613152686j),(1.5198858372489306+4.429279902283454e-07j),(2.1685876360044682+3.863889988579179j),(2.9855114493969523+3.3332767415806295j),(1.1008633763258981+2.598796967157321j),(2.415409351057839-0.00010745362729108949j),(1.94554378701429+0.04538353874630416j),(1.7428+0j),(1.724791615144885+3.109042553475572j),(1.5048811285393529+0j),(2.0530202542329885+3.5907138045177476j),(1.5472+0j),(4.178634181718193+0.05359475923044865j),(2.0373287095056063-1.0845487201370742e-22j),(1.461+0j),(1.8270721565280839+2.5033090760214964j),(2.99259390423179-9.017450090541524e-15j),(3.4776555037341725+2.720222006672412j),(1+0j),(0.2679165978822984+0.8926162488868484j),(2.8773443822381664+2.912928859674337j),(0.5643337328804404+5.355056733673163j),(0.1507162924456145+2.4605578636912626j),(1.4841270353211142+0j),(1.5466181232473333+1.8907972367031433e-06j),(1.5319035828693+0.0024450022326786896j),(0.8610150384431324+4.741028147321771j),(1.4882875893950143+2.1759100045714824e-07j),(1.5967226775826844+0j)
26,530,(0.1300358994744596+3.1778717518667245j),(0.8762031925469838+6.4481268715643365j),(1.7692643083840667+0j),(0.4705517492961514+2.3720678885350064j),(1.5196123161560222+4.4156217514360866e-07j),(2.1958510294329283+3.88459905077728j),(3.0342361394142032+3.332437730560707j),(1.0839248390192568+2.5928505998553355j),(2.412564761989018-6.247207121782578e-05j),(1.9405000000000001+0.04589323j),(1.7423+0j),(1.733480464539387+3.137845456162734j),(1.5046+0j),(2.068333197929504+3.6178026595421784j),(1.547+0j),(4.158584922374056+0.042897251115487124j),(2.0364-1.285696946211877e-39j),(1.4608+0j),(1.83874839782159+2.5227770425043983j),(2.9850000000000003-3.0814879110195774e-31j),(3.489572276617693+2.719923813677474j),(1+0j),(0.2665643284542263+0.9075904768964005j),(2.897279223163952+2.9160462438954777j),(0.5804666249055592+5.413339353170895j),(0.14858410836118868+2.486725794239633j),(1.483673863478693+0j),(1.54626+1.9600000000000003e-06j),(1.531464932864509+0.002409342220217137j),(0.8744322446707828+4.788179810477462j),(1.48788+2.1800000000000002e-07j),(1.596111781523478+0j)
27,535,(0.12973620563084237+3.217126981150623j),(0.895665737466077+6.503401275547032j),(1.7697324709812254+0j),(0.42987496222580535+2.4666973669602843j),(1.5193388309059779+4.401937124685233e-07j),(2.2278886800192286+3.908992290479538j),(3.0785350147153543+3.3311406211704484j),(1.0624565179408014+2.587197859394727j),(2.4099641357046098-2.5111909880794712e-05j),(1.93558416626828+0.04641658430635012j),(1.7417999999999998+0j),(1.7423107792725765+3.166394067852107j),(1.5043286603840895+0j),(2.083378555027856+3.6442493933204987j),(1.5467000000000002+0j),(4.137667042911535+0.04556459101866678j),(2.035587484753926+1.8607914226675737e-23j),(1.4606000000000001+0j),(1.8505409109066597+2.5429853394139257j),(2.977533680391832+1.5471498394919376e-15j),(3.4981554438973275+2.719932422138828j),(1+0j),(0.2655657936120927+0.921650565050919j),(2.9152744675653786+2.918559527703528j),(0.5981364814534693+5.47068167944265j),(0.1470748948703501+2.51146004867576j),(1.483233498499967+0j),(1.5457670647097284+2.0285867510648563e-06j),(1.5310430259202625+0.002374904512705847j),(0.887968578453468+4.835185155378166j),(1.4877079106444835+2.1888358665335632e-07j),(1.595519178824779+0j)
28,540,(0.1287747176887238+3.257005274992438j),(0.9158035762560891+6.561073710563715j),(1.7700468266666591+0j),(0.39634634742927133+2.5561484932798972j),(1.5190649900694795+4.3882116963687265e-07j),(2.2628155196002715+3.9361218147378443j),(3.116907936664675+3.3297167966539094j),(1.0346697853425397+2.5821805336605914j),(2.4076074722046146+4.626856720003822e-06j),(1.9308000000000003+0.04695242j),(1.7413+0j),(1.751677457852955+3.194984599520682j),(1.5040671096916212+0j),(2.0981505493375456+3.669492978389516j),(1.5464000000000002+0j),(4.119779243680682+0.04757097407271142j),(2.0348+9.183549615799121e-41j),(1.4603+0j),(1.862238601367042+2.564133294886025j),(2.9700000000000006-2.1570415377137042e-32j),(3.5021828633947303+2.721241393107076j),(1+0j),(0.26477682060566976+0.9354085919469579j),(2.9306486743225757+2.9214402789341483j),(0.6173433025241706+5.527083712488428j),(0.14577070096295655+2.5397309269639035j),(1.4828052126200002+0j),(1.54533+2.0900000000000003e-06j),(1.5306370394038913+0.0023416577263158937j),(0.9016240397911878+4.882044182023879j),(1.48759+2.2099999999999998e-07j),(1.5949441385561258+0j)
29,545,(0.12700635811281316+3.2978082837595597j),(0.9367067612872417+6.623325121705356j),(1.7702073754403687+0j),(0.3705146201842721+2.6391345828032517j),(1.5187916508605+4.375529970809028e-07j),(2.291578794669273+3.9604026521822187j),(3.1493549052621663+3.3281662570110924j),(0.99999035305094+2.577908363061736j),(2.4054947714890327+2.674422858456975e-05j),(1.9261512153760312+0.04749955541559514j),(1.7409+0j),(1.7617072933169342+3.2237121578563364j),(1.5038137002764007+0j),(2.112647326253614+3.6933532814389345j),(1.5462+0j),(4.101675184833132+0.04400112717827927j),(2.0339463819708383-3.192613346347031e-24j),(1.4601+0j),(1.8738414692027374+2.5862209089206964j),(2.962204013417222-2.6544894641010223e-16j),(3.5023083677470357+2.7241623416741025j),(1+0j),(0.2640561371254202+0.9494643224972107j),(2.942720402315674+2.9256600654229965j),(0.6380870881176629+5.582545452308231j),(0.14454366638826582+2.573058951328611j),(1.4823886529830643+0j),(1.5451394884942973+2.1376822569077198e-06j),(1.530246231966442+0.0023094135580737237j),(0.9153986286839423+4.928756890414604j),(1.487344946738085+2.2510747962271398e-07j),(1.5943859662119089+0j)
30,550,(0.12486255933641738+3.338988442186651j),(0.9583597027517232+6.6869101050078115j),(1.7702141173023533+0j),(0.34996571229124024+2.715469498285183j),(1.518516883032838+4.3514100220163805e-07j),(2.3143263904533358+3.9816888307816125j),(3.1758759205078277+3.3264890022419973j),(0.9598423897704292+2.576240150255687j),(2.403626033557863+4.12402057129031e-05j),(1.9216000000000002+0.04805696j),(1.7404000000000002+0j),(1.7720922644549502+3.252441829946079j),(1.5035585462612588+0j),(2.1268763586500117+3.7161405458919177j),(1.5459+0j),(4.084316748806501+0.04100308151237861j),(2.0331-1.1479437019748901e-41j),(1.4599+0j),(1.8853495144137455+2.6092481815179402j),(2.9544+9.244463733058732e-33j),(3.500682114329636+2.7287575769890733j),(1+0j),(0.26340374317134385+0.9638177567016778j),(2.951489651544672+2.9312188871700737j),(0.6603678382339465+5.637066898902058j),(0.14368449407578227+2.605684837080551j),(1.4819835038414062+0j),(1.54493+2.1700000000000004e-06j),(1.5298698654463+0.00227814062415041j),(0.9292923451317318+4.975323280550342j),(1.48703+2.28e-07j),(1.5938440015439481+0j)
31,555,(0.12281745064679808+3.379943995030152j),(0.9807460511423569+6.748425106299834j),(1.7701160333417687+0j),(0.3321679167635884+2.7849580319166805j),(1.5182388692596458+4.337316024329318e-07j),(2.3413750293014184+4.004317705070388j),(3.196657640294339+3.3245656045945244j),(0.9157910075339498+2.5792186549219083j),(2.4020012584111075+4.8114788105003845e-05j),(1.917108541475534+0.048623603200079024j),(1.74+0j),(1.7824938666362014+3.281025351175704j),(1.5033000000000003+0j),(2.1408458589561388+3.738195718514973j),(1.5457000000000003+0j),(4.06813558192236+0.03249105883600219j),(2.032334223421045+5.477658514064478e-25j),(1.4597+0j),(1.8971228889917573+2.632632359654039j),(2.946842239104841+4.554383896867574e-17j),(3.4965652237079423+2.7349905489687125j),(1+0j),(0.2628196387434409+0.9784688945603589j),(2.956956422009571+2.93811674417538j),(0.6841855528730216+5.690648052269909j),(0.143495662188457+2.631616013536961j),(1.4815891139652804+0j),(1.5444360043244885+2.1853197074888258e-06j),(1.529507242880574+0.0022478389245459535j),(0.9433051891345559+5.02174335243109j),(1.4867024089270067+2.2647153561035992e-07j),(1.5933176165427374+0j)
32,560,(0.12095613411752557+3.420642130395733j),(1.0037140054077804+6.808045780118612j),(1.7700386838954976+0j),(0.3167404052498009+2.8460975756973763j),(1.518038787564053+4.323404779072691e-07j),(2.374728180839399+4.029186191836145j),(3.2121704948221392+3.3220950726637484j),(0.8670519934226643+2.587490971727581j),(2.4006204460487646+4.736797576087199e-05j),(1.9127+0.04919859j),(1.7396+0j),(1.7928229775764633+3.3094498230962093j),(1.5030380614926258+0j),(2.1545604925221826+3.759732820753169j),(1.5455+0j),(4.0525268014006075+0.037282470017905744j),(2.0316000000000005+8.609577764811676e-42j),(1.4595+0j),(1.91006927688846+2.6549047423926377j),(2.94-1.925929944387236e-34j),(3.4921479681160594+2.743211092200121j),(1+0j),(0.26230382384171125+0.9934177360732542j),(2.95912071371037+2.9463536364389147j),(0.7095402320348876+5.743288912411782j),(0.1438937430276879+2.6523443523309655j),(1.4812053928140378+0j),(1.5438900000000002+2.2e-06j),(1.529157706698489+0.002218508459260354j),(0.9574371606924146+5.06801710605685j),(1.4863899999999999+2.2500000000000002e-07j),(1.5928062135569+0j)
33,565,(0.11973994577942954+3.4609062293591037j),(1.0264784059573495+6.866683153370945j),(1.769988370996396+0j),(0.30171523389444416+2.8911162243201454j),(1.5177937109324466+4.3096915942067904e-07j),(2.406556142789055+4.054204135008328j),(3.2224372880092305+3.3190628160103017j),(0.8093563958648473+2.6045696578678688j),(2.399483338074399+3.900680744200775e-05j),(1.908397535770765+0.049781025383930755j),(1.7392000000000003+0j),(1.8025959950020887+3.3376455521584427j),(1.5027727307391348+0j),(2.168045603280069+3.781914604461704j),(1.5452+0j),(4.037625268257337+0.03183398705617175j),(2.0308482775028964-9.398176209165542e-26j),(1.4593+0j),(1.9242326777245928+2.6759941350364445j),(2.9343425519537347-7.814087401952208e-18j),(3.490422822598066+2.7553101673664138j),(1+0j),(0.26185629846615494+1.0086642812403637j),(2.9579825266470707+2.9559295639606793j),(0.7364318757195449+5.794989479327682j),(0.14445034504628468+2.675530734852462j),(1.4808316854283532+0j),(1.5435244855587724+2.2303994981593264e-06j),(1.5288206465174732+0.002190125614145822j),(0.9716882598053082+5.114144541427621j),(1.4861205996998756+2.280633067151266e-07j),(1.592309223539683+0j)
34,570,(0.11923833613590007+3.5007097033332464j),(1.0489273121990013+6.924467111614559j),(1.769965094644464+0j),(0.28681183196648496+2.9189059333926037j),(1.5175123051138293+4.296579219493878e-07j),(2.4336868243899534+4.078512223007904j),(3.227458019855611+3.315468834634184j),(0.7420615578474077+2.6309835011440437j),(2.3984073142936397+2.8005887346135667e-05j),(1.9042+0.050370130000000006j),(1.7388000000000001+0j),(1.8117401164023237+3.3656020465478758j),(1.5025057523394494+0j),(2.1813050065589987+3.804916112768069j),(1.5450000000000002+0j),(4.02235808822388+0.03367240219342382j),(2.0301000000000005+7.35401434077664e-42j),(1.4591+0j),(1.939613091500155+2.6959005375854597j),(2.9294-1.8055593228630336e-34j),(3.493673307443343+2.773256115076318j),(1+0j),(0.261477062616772+1.0242085300616877j),(2.954329535652006+2.9662120200349196j),(0.7648604839269935+5.8457497530176035j),(0.14510490727993325+2.7022581665144014j),(1.4804678324937948+0j),(1.54325+2.27e-06j),(1.5284955107285692+0.0021625487043156273j),(0.9860584864732365+5.160125658543404j),(1.48587+2.33e-07j),(1.591826104413556+0j)
35,575,(0.11923935835368399+3.5401410881761954j),(1.0719308954614204+6.981212493434902j),(1.769968854839702+0j),(0.2725330218720481+2.9358173332655846j),(1.5173283612268684+4.27384279309563e-07j),(2.4613+4.1014j),(3.22723269036128+3.311313128535395j),(0.6704217002119163+2.6649730020403437j),(2.397235481521334+1.8639011699049663e-05j),(1.900106243899875+0.05096512449633647j),(1.7384+0j),(1.82064839992333+3.3934224151705403j),(1.5022475938930973+0j),(2.194327114298351+3.829104372434043j),(1.5448000000000002+0j),(4.009289075349203+0.02914407908551289j),(2.0293761115615796+1.612472114348484e-26j),(1.4589+0j),(1.9562105182151468+2.714623950039682j),(2.9247024491727496+1.3406854430375137e-18j),(3.501664129445667+2.795172465823322j),(1+0j),(0.2611661162935624+1.0400504825372254j),(2.9493092176414177+2.976279575139676j),(0.7948260566572333+5.89556973348155j),(0.14570159486978837+2.7320072705080984j),(1.480113436132924+0j),(1.5429770823228766+2.312283303555215e-06j),(1.5281817485644+0.00213575411562198j),(1.0005478406961996+5.205960457404199j),(1.4856139928737393+2.3714862409888055e-07j),(1.5913563395417283+0j)
36,580,(0.11949724641114613+3.5793030469250233j),(1.0964491475194473+7.036715024766483j),(1.7699920797109872+0j),(0.25943352813281506+2.9488565762919463j),(1.517079012448991+4.25855522497841e-07j),(2.493175857187252+4.1223489769291j),(3.2225980280434223+3.3068511690168867j),(0.6005294308695376+2.704497907397894j),(2.3959678397574806+1.0906180500749742e-05j),(1.8961000000000001+0.05156533j),(1.7381000000000002+0j),(1.8297766218339495+3.421226219452489j),(1.502+0j),(2.207098489394519+3.8549049746595045j),(1.5446+0j),(3.9953842494042786+0.027099413644129093j),(2.0287+1.3228257503226273e-42j),(1.4587+0j),(1.9737744868648344+2.732430472250587j),(2.92+1.504632769052528e-35j),(3.5120825384397216+2.817387153478975j),(1+0j),(0.26092345949652607+1.0561901386669774j),(2.942931296995952+2.986124420550186j),(0.8263285939102643+5.944449420719521j),(0.14606981227703308+2.764209474646411j),(1.4797680984683033+0j),(1.5427500000000003+2.3399999999999996e-06j),(1.5278788383916955+0.002109741848064881j),(1.0151563224741975+5.251648938010004j),(1.4853900000000002+2.3700000000000002e-07j),(1.5908994363016655+0j)
37,585,(0.12001698585617618+3.618174726100829j),(1.1223767362943848+7.091051694902862j),(1.7700038638290516+0j),(0.24751614672757197+2.958315580952031j),(1.5168911237998457+4.244612384971485e-07j),(2.525926197934618+4.141984890366917j),(3.2169084547248312+3.3031071335700695j),(0.5327314123392235+2.7497072081645597j),(2.3946043890020805+4.807393751235903e-06j),(1.8921650008299833+0.05217006763805042j),(1.7377000000000002+0j),(1.8391407476847967+3.449036145031198j),(1.5017629706601583+0j),(2.219625102695806+3.8822646061422095j),(1.5444000000000002+0j),(3.9824909259464585+0.030080436374236852j),(2.028095053127628-2.766564769253595e-27j),(1.4586000000000001+0j),(1.991300866017095+2.750386891270964j),(2.9150427530097653-2.3002525627287423e-19j),(3.5232593731711916+2.833498189529491j),(1+0j),(0.2607484246614852+1.0726124134656558j),(2.935195773715609+2.995746556266449j),(0.8593680956860865+5.992388814731514j),(0.14622889180221557+2.7985535929010505j),(1.479431690434105+0j),(1.542613020503968+2.3359006805093847e-06j),(1.5275862865674659+0.0020845119016443293j),(1.02988393180723+5.297191100360821j),(1.4852354430576886+2.290449486915902e-07j),(1.5904549247507183+0j)
38,590,(0.12089497918290078+3.6563754733829477j),(1.1479469812569465+7.145508860541111j),(1.7700008975872874+0j),(0.23682200502270154+2.968994443509154j),(1.5167121044206744+4.230868260932768e-07j),(2.5549083686984657+4.161165151272729j),(3.210514716052125+3.3001881124225427j),(0.473165196324785+2.8033524205471143j),(2.393145129255134+3.426514505081395e-07j),(1.8883+0.05277875000000001j),(1.7373+0j),(1.84901916800341+3.4772606452750665j),(1.5015365058735717+0j),(2.232015554656181+3.9102061235539325j),(1.5442+0j),(3.969958836337503+0.030125700648925464j),(2.0275+2.802596928649634e-45j),(1.4584+0j),(2.0086846615039144+2.768604752676889j),(2.91+6.770847460736376e-36j),(3.5343172956465803+2.839644073709857j),(1+0j),(0.26063143655849547+1.0891009349234857j),(2.9261026478003895+3.0051459822884663j),(0.8924453773135403+6.039079898820837j),(0.14649874230461268+2.829917795880714j),(1.479103681426372+0j),(1.54238+2.3e-06j),(1.5273036335426968+0.0020600462275765273j),(1.0447226460606975+5.342594053715973j),(1.4850299999999999+2.29e-07j),(1.5900223563774247+0j)
39,595,(0.12216708476885679+3.6937636993369107j),(1.1725312169350572+7.200544266036719j),(1.7699831809856947+0j),(0.22736573801008475+2.9826012570414715j),(1.5164643930598969+4.2174651162964287e-07j),(2.582267353387783+4.180684622261897j),(3.2034168120253024+3.2980941055743074j),(0.42411373876155734+2.866457012950966j),(2.3915900605166396-2.48804640143354e-06j),(1.8845037511202258+0.05339078967536105j),(1.7369999999999999+0j),(1.8595154343911204+3.506051650642146j),(1.5013197856869063+0j),(2.244310240870327+3.938366063535257j),(1.544+0j),(3.958483562761623+0.027580304837667033j),(2.026853569672652+4.7466747203673245e-28j),(1.4582000000000002+0j),(2.0259258733252934+2.7870840564683643j),(2.9050410327686556+3.94660945997315e-20j),(3.5458067978526935+2.844027098620399j),(1+0j),(0.26056936744454656+1.1055850252556878j),(2.915651919250292+3.014322698616237j),(0.9234059795811234+6.08408002611265j),(0.1469924274180175+2.856491903511122j),(1.4787840011330617+0j),(1.5418647946533155+2.2323126133884757e-06j),(1.5270304629565485+0.0020362365331586803j),(1.059660936008517+5.387868014701562j),(1.4846533487801299+2.5258168375157834e-07j),(1.5896013029332787+0j)
40,600,(0.12379804613384403+3.7304480292762534j),(1.196360790159028+7.256135440282055j),(1.7699507140242725+0j),(0.21910222826923062+2.998826876531417j),(1.5162589896316176+4.195990839371604e-07j),(2.613314298598411+4.2024737697378445j),(3.195614742644363+3.2968251130253625j),(0.3848705501537198+2.9381732377418768j),(2.3899391827865983-3.6846998045891387e-06j),(1.8808000000000002+0.054005670000000006j),(1.7366000000000001+0j),(1.870611615673454+3.5353252308417513j),(1.50110789038016+0j),(2.256434098251307+3.966697461926049j),(1.5438+0j),(3.9471384000145946+0.025409618502006844j),(2.0262000000000002-1.401298464324817e-45j),(1.4579999999999997+0j),(2.0430245014812316+2.805824802645388j),(2.9+1.88079096131566e-37j),(3.557027644519879+2.849487789299081j),(1+0j),(0.2605622173196384+1.122064684462263j),(2.9038651877434174+3.023275028140136j),(0.9522329176823524+6.127385706974162j),(0.14766113051132979+2.8790956884725425j),(1.4784722222222+0j),(1.54137+2.15e-06j),(1.5267663580247+0.00201306476960699j),(1.0746987107593526+5.433013063860958j),(1.4843200000000003+2.76e-07j),(1.589191355338178+0j)
41,605,(0.12554265047547103+3.767183964527006j),(1.2209535153129554+7.312134955407273j),(1.7699034967030216+0j),(0.21173547057844502+3.015643071232099j),(1.5160910924921012+4.179473612865613e-07j),(2.6475799741909696+4.225438684987803j),(3.1871085079093078+3.29638113477571j),(0.350521916252247+3.0126049143614937j),(2.3881924960650105-3.2473087589586567e-06j),(1.8772124924486637+0.054622874309783354j),(1.7363+0j),(1.8821829985064267+3.564497641221325j),(1.5009000000000001+0j),(2.2678650545503007+3.994873677687461j),(1.5436+0j),(3.936689022000814+0.02493571851743874j),(2.0255835288364583-8.144006296679961e-29j),(1.4579+0j),(2.0599805459717295+2.824826991207961j),(2.8947110503783007-6.7713113255147935e-21j),(3.567649194255246+2.857218080835887j),(1+0j),(0.2606099861837711+1.138539912543211j),(2.8932912152955628+3.0318050719243987j),(0.9789261916172282+6.168996941405377j),(0.14818720447801542+2.903063366052539j),(1.478168137502526+0j),(1.5411982115761382+2.0702236391597606e-06j),(1.526510922893951+0.0019905309369214566j),(1.0898359703132052+5.4780292011941665j),(1.4842444642615336+2.7546494879893985e-07j),(1.588792122653929+0j)
42,610,(0.12735385072488567+3.804116457239129j),(1.24658529053286+7.368516012961317j),(1.769876360532218+0j),(0.20521165909046923+3.0326811629386268j),(1.5158447682553127+4.165565680975377e-07j),(2.681956961091938+4.244412372593361j),(3.1781600353283808+3.2967675288897627j),(0.32012508100876197+3.088620788609431j),(2.3864147329992007-1.994277690857002e-06j),(1.8737+0.05524196000000001j),(1.7360000000000002+0j),(1.8942056551129238+3.59345688324493j),(1.5006961145464257+0j),(2.278502943834713+4.022832040749682j),(1.5434+0j),(3.926259357296126+0.024815931579535738j),(2.0250000000000004-3.0653403907105373e-45j),(1.4576999999999998+0j),(2.076830434148281+2.843764944467882j),(2.8894000000000006+8.228460455756013e-38j),(3.577830506288735+2.867645433423767j),(1+0j),(0.26071267403694465+1.1550107094985316j),(2.8856795758328277+3.0397769840893893j),(1.0034858013857502+6.208913729406292j),(0.14851335757740827+2.9293570305772594j),(1.4778715595002274+0j),(1.5411400000000002+2e-06j),(1.5262637819110343+0.00196863503510208j),(1.105072714670075+5.522916426701184j),(1.48417+2.6500000000000006e-07j),(1.588403231122362+0j)
43,615,(0.12921146112224832+3.8414093525671653j),(1.27318702604135+7.425082543106851j),(1.7699090839867617+0j),(0.1994394471503184+3.0490725987104477j),(1.515725497287877+4.151768983952466e-07j),(2.715760147820636+4.259128857322905j),(3.1690616507097813+3.2979902752683015j),(0.29377329042963035+3.165601073457326j),(2.384683846123228-9.111479237746187e-07j),(1.8702212941877938+0.055862484465938896j),(1.7357000000000005+0j),(1.9067249028583042+3.62211857820899j),(1.5004962340194372+0j),(2.288485420719763+4.0505845671495315j),(1.5432000000000001+0j),(3.9155598607133797+0.02360679547178903j),(2.0244452573085985+1.3972905764065133e-29j),(1.4576+0j),(2.093614820980797+2.8622751878361172j),(2.8842926649615426+1.16177335335726e-21j),(3.588361366011718+2.8788328413571103j),(1+0j),(0.260870280879159+1.1714770753282246j),(2.8810302693552123+3.047190764635108j),(1.0259117469879182+6.247136070976906j),(0.1486897514317657+2.9578048760609943j),(1.477582101550566+0j),(1.540985935889855+1.94634555165296e-06j),(1.5260245844365778+0.001947363067659171j),(1.1204089438299614+5.567674740382012j),(1.483839865650669+2.586286234547827e-07j),(1.5880243232621583+0j)
44,620,(0.131+3.8800000000000003j),(1.300384488956972+7.480772510576693j),(1.7700017102161638+0j),(0.1939240448889771+3.0601127596892246j),(1.515469868805006+4.1381713032567893e-07j),(2.7462413343197567+4.272481855430078j),(3.1598135714060107+3.30004937835755j),(0.272+3.2400000000000007j),(2.383+2.0844951436336297e-22j),(1.8668+0.05648406j),(1.7354+0j),(1.92+3.6500000000000004j),(1.500299533539115+0j),(2.2986000000000004+4.0782j),(1.5430000000000001+0j),(3.905797254546389+0.02198711882287526j),(2.0239000000000003-1.7516230804060213e-46j),(1.4574+0j),(2.110333736697396+2.8803574510590346j),(2.88-1.6163047323806453e-38j),(3.5999999999999996+2.8899999999999997j),(1+0j),(0.2610828067104141+1.1879390100322906j),(2.879343295862716+3.054046413561555j),(1.0462040284237326+6.2836639661172216j),(0.1489859990029596+2.987483465051179j),(1.477299709444995+0j),(1.54073+1.9000000000000002e-06j),(1.5257930120386018+0.0019266310556545975j),(1.1358446577928645+5.612304142236651j),(1.48345+2.5600000000000007e-07j),(1.5876550570209393+0j)
45,625,(0.13270112965980993+3.920037244220267j),(1.3281215746128041+7.535426695970628j),(1.770154239220425+0j),(0.18859127384118135+3.065096333522343j),(1.5153514599657372+4.117730341596139e-07j),(2.772970028445806+4.285247621264433j),(3.150415797417068+3.302944838157509j),(0.25488991879938444+3.3112545244062694j),(2.3813631946295146+7.391660804668539e-07j),(1.863459742424574+0.05710629889458331j),(1.7351+0j),(1.934072114974656+3.6770244950154214j),(1.5001010638259424+0j),(2.3089717336342224+4.105689255236882j),(1.5429+0j),(3.8953347328988244+0.022180224648250636j),(2.0233449273119524-2.3973716175911885e-30j),(1.4572+0j),(2.1269871812980776+2.8980117341366327j),(2.8771329598524433-1.9932879462876557e-22j),(3.6137894103166035+2.901022123350261j),(1+0j),(0.2613502515307101+1.2043965136107293j),(2.880618655355339+3.0603439308687297j),(1.0643626456931936+6.318497414827238j),(0.14944218582980495+3.0182555026359106j),(1.4770239901377626+0j),(1.5403661730847311+1.8517030509224793e-06j),(1.525568745216+0.00190642500259867j),(1.1513798565587843+5.656804632265099j),(1.4831963418344518+2.567633104723642e-07j),(1.5872951047425599+0j)
46,630,(0.13431441028709046+3.961405878087786j),(1.3563988554211033+7.589034196559395j),(1.7703666709995447+0j),(0.1834642843640045+3.065085902290005j),(1.5151026550535247+4.1001492264337406e-07j),(2.8003022911676996+4.299944733678615j),(3.1408683287429544+3.306676654668177j),(0.24224665703524412+3.3795315258099548j),(2.379773430011773+1.3063503176259438e-06j),(1.8602+0.05772886j),(1.7348+0j),(1.9489005576993401+3.7032474107464712j),(1.4999+0j),(2.3196888266547675+4.133040465601997j),(1.5427+0j),(3.886410690201512+0.020234972977753254j),(2.0228-8.484424295716666e-47j),(1.4571+0j),(2.1435751547828423+2.9152380370689133j),(2.875+2.571393892423754e-39j),(3.6286701867682147+2.9115422216017914j),(1+0j),(0.2616726153400468+1.2208495860635402j),(2.884856347833081+3.0660833165566324j),(1.0803875987963005+6.351636417106954j),(0.15003771592979318+3.049927205067546j),(1.4767548480231463+0j),(1.54004+1.7999999999999997e-06j),(1.5253514797258365+0.0018867449084913894j),(1.167014540127721+5.701176210467358j),(1.48306+2.6e-07j),(1.586944152692365+0j)
47,635,(0.13583595968740317+4.003088980992215j),(1.385221049326491+7.641505149709415j),(1.7706390055535235+0j),(0.17873388666695741+3.0688394954560123j),(1.5149646951951206+4.086243775194671e-07j),(2.830004150294306+4.317588108348843j),(3.1311711653836687+3.311244827889555j),(0.2323367038558837+3.446304027761125j),(2.3782307061467747+1.7015527114772684e-06j),(1.857020251264763+0.058351402166561255j),(1.7344999999999997+0j),(1.964126161338507+3.7291572933410984j),(1.4996963420612883+0j),(2.3315298550698733+4.160148880127545j),(1.5425000000000002+0j),(3.8776703308239657+0.018392652193270503j),(2.022285178819687+4.113239414819974e-31j),(1.457+0j),(2.16009765715169+2.932036359855876j),(2.872909575923794+3.419941441533349e-23j),(3.6440861384653407+2.9213368078011457j),(1+0j),(0.2620498981384244+1.2372982273907243j),(2.892056373295943+3.0712645706252637j),(1.094278887733054+6.383080972956372j),(0.1506035950195895+3.080908536738849j),(1.476492041876868+0j),(1.5398970256017586+1.7434361428121635e-06j),(1.5251409261126654+0.0018675907733327552j),(1.1827487084996742+5.745418876843425j),(1.48302208334262+2.647915137110324e-07j),(1.5866019005656247+0j)
48,640,(0.13726486709657232+4.044847983001988j),(1.4145892041008847+7.692819598521796j),(1.770861282751649+0j),(0.17444245631713978+3.07830211620523j),(1.5148222205779132+4.072419943300288e-07j),(2.8593999999999995+4.3356j),(3.121540107179253+3.316441216299081j),(0.22475337700798392+3.511917602100851j),(2.3767350230345206+1.924773262020829e-06j),(1.8538999999999999+0.05897364j),(1.7342+0j),(1.9796646652266678+3.7548687558968252j),(1.4994900900098065+0j),(2.344677473083925+4.18698992419977j),(1.5424+0j),(3.8683426220131425+0.017892424173744682j),(2.0218+6.842277657836021e-48j),(1.4568000000000003+0j),(2.1766887909944925+2.948538530379916j),(2.87-1.1479437019748901e-39j),(3.659857252756053+2.9301760523509275j),(1+0j),(0.2624820999258428+1.253742437592281j),(2.901784698449859+3.0759932223443323j),(1.1060365125034535+6.412831082375489j),(0.1511024303754563+3.1108476765052138j),(1.476235330474652+0j),(1.53987+1.68e-06j),(1.524936813533114+0.0018489516008328118j),(1.1985823616746445+5.789532631393304j),(1.4829100000000002+2.67e-07j),(1.5862680605686958+0j)
49,645,(0.13859756781841526+4.0866777173857125j),(1.444496596567741+7.7430105352830125j),(1.770766529451758+0j),(0.1705937462999661+3.0936901773681442j),(1.5146737480206693+4.0586538282040413e-07j),(2.886537189226991+4.352099175981907j),(3.112490281165598+3.321768973719559j),(0.21948155099027292+3.576352975532452j),(2.3752863806750093+1.9760119692566242e-06j),(1.850818749986848+0.05959528810604915j),(1.7339+0j),(1.9955136885566207+3.7803900417049685j),(1.4992830130784052+0j),(2.3591262220177547+4.213563600053542j),(1.5421999999999998+0j),(3.859378843386124+0.01713366170796121j),(2.0213439997699263-7.057203130079613e-32j),(1.4567000000000003+0j),(2.193668667158473+2.9650592296264064j),(2.8654095846047927-5.8676918632353605e-24j),(3.67591364218176+2.937769382382389j),(1+0j),(0.26296054551689596+1.2701841506445273j),(2.910026515324741+3.0812454174586623j),(1.1156604731074995+6.440886745364309j),(0.1515377420651433+3.1397474340705736j),(1.4759846347939092+0j),(1.539891673304719+1.6076800922045384e-06j),(1.5247388954902577+0.0018307614132518288j),(1.2145154996526315+5.833517474116993j),(1.4825511581098283+2.6248760726144155e-07j),(1.585942356795429+0j)
50,650,(0.1396277284816201+4.128279121038923j),(1.4746211342154263+7.793658547435098j),(1.7703427864318482+0j),(0.16736755384230687+3.1253715387903407j),(1.5144380331548808+4.0389449751916233e-07j),(2.911969936269531+4.367424754466008j),(3.1040439241230744+3.327206652510792j),(0.21564572463509468+3.638494562301471j),(2.3738847790682414+1.8552688331846563e-06j),(1.8478000000000003+0.06021609j),(1.7337000000000002+0j),(2.0115354243593297+3.8061982927156177j),(1.4990857266641864+0j),(2.374560140112486+4.239870037048489j),(1.5420000000000003+0j),(3.8510413889786292+0.016276373291178106j),(2.0209-2.565854121688508e-49j),(1.4565000000000001+0j),(2.2110511040497873+2.981612041607581j),(2.8600000000000003-1.4923268125673572e-40j),(3.6921925365269206+2.943823729742677j),(1+0j),(0.26346048680951567+1.2866288836910225j),(2.9158052490089443+3.0872585968251j),(1.1231507695451919+6.467247961922826j),(0.15207816874558258+3.1677424161332293j),(1.4757396299639962+0j),(1.5398700000000003+1.54e-06j),(1.5245469241273002+0.0018130092142998502j),(1.2305481224336352+5.877373405014492j),(1.48223+2.56e-07j),(1.58562452463938+0j)
51,655,(0.1402353201619082+4.169478221993381j),(1.5047855409301272+7.845633572617541j),(1.7695900536919185+0j),(0.16486283732569254+3.179052554502472j),(1.5143062560165017+4.020547455198916e-07j),(2.9364576546904484+4.382041409645606j),(3.0962010360516823+3.3327542526727836j),(0.21273659853687954+3.697693400210488j),(2.372530324921552+1.5638302381615177e-06j),(1.8448672488141504+0.06083578919714379j),(1.7334+0j),(2.0276497071135986+3.832571073506104j),(1.4988999999999997+0j),(2.39079542505931+4.265909310436122j),(1.5419+0j),(3.843464999303201+0.015953784492864248j),(2.020450822560756+1.2108246322779463e-32j),(1.4563999999999997+0j),(2.228836101668436+2.998196966323442j),(2.8546329164474495+1.0067367640786759e-24j),(3.70857067784386+2.9480881648278965j),(1+0j),(0.2639803989981325+1.3030769766597015j),(2.9191208995024693+3.0940327604436457j),(1.1285074018165306+6.491914732051049j),(0.1528165272462878+3.194906708713523j),(1.4755002728599846+0j),(1.5397129345699292+1.4904833039606057e-06j),(1.524360662860112+0.0017956950039768765j),(1.246680230017656+5.921100424085802j),(1.4822309679984103+2.522828427203184e-07j),(1.5853143102403615+0j)
52,660,(0.14042034285927962+4.210275020249086j),(1.5349898167118434+7.898935610830346j),(1.7685083312319698+0j),(0.163079596750123+3.2547332245045366j),(1.5141669262050486+4.0066571707422325e-07j),(2.9607898869977114+4.395262247894959j),(3.088961616951421+3.3384117742055315j),(0.2107541726956277+3.7539494892595022j),(2.371233388081654+1.2267073521478865e-06j),(1.8420000000000003+0.06145417000000001j),(1.7332+0j),(2.043856536819429+3.859508384076429j),(1.4987258330858464+0j),(2.407832076858228+4.29168142021644j),(1.5417000000000003+0j),(3.8362539326797+0.015967227330359383j),(2.02+2.1382117680737565e-49j),(1.4563+0j),(2.247023660014419+3.0148140037739872j),(2.85-1.018800035502715e-40j),(3.725302022814558+2.9500946204665364j),(1+0j),(0.2645202820827466+1.3195284295505638j),(2.919973466805315+3.1015679083143j),(1.1317303699215153+6.514887055748966j),(0.1537528175672589+3.221240311811454j),(1.4752662993572+0j),(1.53946+1.44e-06j),(1.5241798860729057+0.0017788187822829074j),(1.2629118224046931+5.964698531330921j),(1.4823+2.48e-07j),(1.585011469961862+0j)
53,665,(0.14028404607055486+4.25071652248297j),(1.5657980905745488+7.953281241586631j),(1.7670976190520022+0j),(0.161902846265473+3.347117671688706j),(1.5140273297425781+3.992735215295889e-07j),(2.9868855271242536+4.405401404671879j),(3.0823256668222916+3.344179217109036j),(0.20965165673895705+3.807721344772067j),(2.370000813207891+9.264143031437809e-07j),(1.8391777571282517+0.06207101671108812j),(1.7329000000000003+0j),(2.0601663407701616+3.886749686197225j),(1.4985632259217256+0j),(2.4254208051873323+4.317189705848188j),(1.5416+0j),(3.828503728988411+0.015253170558067788j),(2.0195510648655395-2.077446635880643e-33j),(1.4561000000000002+0j),(2.265613779087736+3.031463153959218j),(2.8467929167105095-1.7272872123669496e-25j),(3.7435760682339887+2.9482727948294825j),(1+0j),(0.2650801360633579+1.33598324236361j),(2.918362950917482+3.1098640404370625j),(1.1328465234066634+6.53620795600582j),(0.15479677257018654+3.2471686513154028j),(1.4750375813951937+0j),(1.5391507192757081+1.3694200840318277e-06j),(1.5240043821798006+0.0017623718070570822j),(1.2792426536083419+6.008167840833524j),(1.4821830338997095+2.398153364166481e-07j),(1.584715769898284+0j)
54,670,(0.1401099926594735+4.290934377230031j),(1.5987064780953608+8.007918810929965j),(1.7653579171520155+0j),(0.16102763413683896+3.442160803462213j),(1.5138874593613134+3.978746038300137e-07j),(3.0149480259077315+4.413805599253554j),(3.076293185664293+3.3500565813832974j),(0.2092980079219184+3.860293100717221j),(2.368832600300263+6.629510911492002e-07j),(1.8364000000000003+0.06268614j),(1.7327000000000001+0j),(2.07660832200635+3.9135653074379873j),(1.498410387990455+0j),(2.442863438897113+4.342443519935716j),(1.5414+0j),(3.8207099750707414+0.014519090614209086j),(2.0191+1.176016472440566e-49j),(1.456+0j),(2.284606458888387+3.0481444168791327j),(2.8444-2.6904930515036488e-42j),(3.7625978308439074+2.9432256642092387j),(1+0j),(0.26565996093996636+1.35244141509884j),(2.9142893518389705+3.1189211568119335j),(1.1331896399209778+6.558014642155757j),(0.1557098094020501+3.273816159927015j),(1.4748140020421472+0j),(1.5388+1.2900000000000001e-06j),(1.5238339582305027+0.0017463016253342334j),(1.2956605040118214+6.051514019812444j),(1.4820300000000002+2.3199999999999999e-07j),(1.5844269854101605+0j)
55,675,(0.13991507427983954+4.33093642670715j),(1.6337953330559982+8.06280794882553j),(1.7635239247850112+0j),(0.16043758193362645+3.5391082821778364j),(1.5137571244005834+3.9657124399013257e-07j),(3.0454856115771713+4.426698667410769j),(3.0709201911570427+3.3558649268776226j),(0.2096854201141461+3.911741252113238j),(2.3677287493587715+4.363177161641449e-07j),(1.8336662084163402+0.06329935053632751j),(1.7324000000000002+0j),(2.093184220133965+3.939911781690621j),(1.4982565761889404+0j),(2.460118388390123+4.367443419607532j),(1.5413000000000001+0j),(3.8132784855001787+0.013822281530146646j),(2.018642788246006+3.5643349250439673e-34j),(1.4559+0j),(2.3040282182575047+3.064795378980147j),(2.842209583289492+2.9635563341493564e-26j),(3.7807104894153998+2.9363373088827167j),(1+0j),(0.2662597567125721+1.3689029477562535j),(2.9077526695697804+3.1287392574389132j),(1.1335019669916375+6.581496471618671j),(0.15647919930141732+3.3012428278569215j),(1.4745953201261828+0j),(1.5384227497758232+1.2129961918484288e-06j),(1.5236684198245998+0.0017305994949535j),(1.3121585733959598+6.094740222076087j),(1.4819908286033328+2.288251387797931e-07j),(1.5841449006839596+0j)
56,680,(0.13970078860993368+4.370720778922193j),(1.671058774420865+8.11793216073986j),(1.7619839299726954+0j),(0.16013185506768943+3.637911735464314j),(1.5135134324456723+3.9413431802902246e-07j),(3.0779513905938503+4.44361318874729j),(3.0662977521889996+3.3613133475649217j),(0.21081053433174077+3.9620683063985433j),(2.366689260383414+2.4651417818861456e-07j),(1.831+0.06391049j),(1.7321999999999997+0j),(2.1098941678191094+3.965787805694224j),(1.4981+0j),(2.477184294709604+4.392189281351736j),(1.5411999999999997+0j),(3.806523783693782+0.013102347688240196j),(2.0182-1.3363823550460978e-51j),(1.4558+0j),(2.32392216932329+3.081314573493401j),(2.8400000000000003-5.3809861030072976e-43j),(3.7973311369231872+2.9280350607878303j),(1+0j),(0.26687952338117493+1.3853678403358505j),(2.898752904109911+3.139318342318j),(1.1337835046186429+6.606653444394564j),(0.1571062105372422+3.3294460043747702j),(1.4743815016031252+0j),(1.5381200000000002+1.14e-06j),(1.5235075809932939+0.001715265415914883j),(1.3287368617607576+6.137846447624451j),(1.48196+2.3000000000000002e-07j),(1.5838693083176998+0j)
57,685,(0.13971205529203962+4.4099780309532175j),(1.7098028399896341+8.171345091724527j),(1.76074374788003+0j),(0.1600119721377971+3.7328632235129278j),(1.5133699461585612+3.9269921835741665e-07j),(3.1071628585588535+4.45433030494271j),(3.062427141759429+3.3663977770382623j),(0.21212404626439293+4.011684312200257j),(2.3657141333741922+9.35404772226097e-08j),(1.8284249923737064+0.06451940007094675j),(1.7320000000000002+0j),(2.1267598603315894+3.9909802534401746j),(1.4979406594236337+0j),(2.4938389237432115+4.416660906911925j),(1.5410000000000001+0j),(3.8004206564786776+0.012912289420266534j),(2.017792205658423-6.115431914573664e-35j),(1.4556+0j),(2.344288914725223+3.097700582073675j),(2.8375495835525393-5.084658812266458e-27j),(3.811961799146857+2.918677859038784j),(1+0j),(0.26751926094577505+1.4018360928376314j),(2.8882272763568815+3.1503997192636057j),(1.1340342528019938+6.633485560483434j),(0.15773507664281225+3.358124235910198j),(1.4741722991655564+0j),(1.5379927820693542+1.0726027648776009e-06j),(1.523351264003241+0.0017002993882183812j),(1.3453953691062144+6.180832696457538j),(1.4818319944802947+2.3523383090459325e-07j),(1.5836000089281654+0j)
58,690,(0.14012696898991672+4.448483198765306j),(1.749551165879031+8.221710684569164j),(1.7598033785070144+0j),(0.16001033150412158+3.820044584251592j),(1.513227679543127+3.912798015344866e-07j),(3.132030584752149+4.457049893710121j),(3.059308359868332+3.3711182152976424j),(0.21322652626434538+4.060887438630866j),(2.3648033683311063-2.2603386733870197e-08j),(1.8259+0.06512594j),(1.7317+0j),(2.143797073506062+4.0153341491801395j),(1.4977785544598416+0j),(2.509920676734939+4.440843609014962j),(1.5409000000000002+0j),(3.794592264448207+0.01302593814582981j),(2.0174+8.352389719038111e-52j),(1.4555000000000002+0j),(2.3651284544633033+3.113953404720969j),(2.8349999999999995-1.961817850054744e-43j),(3.8243416991012085+2.9083148723548478j),(1+0j),(0.26817896940637237+1.4183077052615958j),(2.8788918142177837+3.161233708880751j),(1.1342542115416898+6.661992819885283j),(0.1584640999208621+3.3870720669116494j),(1.4739676526576178+0j),(1.53791+1.01e-06j),(1.5231993018244272+0.0016856943862915842j),(1.3621340954323298+6.223698968575347j),(1.4816000000000003+2.44e-07j),(1.5833368107798673+0j)
59,695,(0.140945529703565+4.486236282358461j),(1.7903037520890557+8.26902893927377j),(1.75916282185365+0j),(0.1601269331666628+3.8994558176803062j),(1.5130865341125115+3.898799869868538e-07j),(3.1546615810126317+4.463582920156822j),(3.0569414065157092+3.3754746623430636j),(0.21411797433159813+4.109677685690372j),(2.3639569652541557-1.0191741368082473e-07j),(1.8233838373414217+0.06572996903799189j),(1.7315+0j),(2.161005807342527+4.038849492914119j),(1.497614658978867+0j),(2.525429553684788+4.464737387660846j),(1.540755335523118+0j),(3.7887148160031883+0.013068380330569762j),(2.017003977803455+1.0492422370023153e-35j),(1.4554000000000002+0j),(2.3864407885375316+3.130073041435285j),(2.832492915395272+8.723895321051781e-28j),(3.834333933118352+2.8969711614668245j),(1+0j),(0.26885864876296683+1.4347826776077441j),(2.8709186603064465+3.171772796278205j),(1.1344433808377317+6.692175222600109j),(0.15929328037139176+3.4162894973791227j),(1.473767409013404+0j),(1.537740557808054+9.513872188859667e-07j),(1.523051541856847+0.0016714082567000272j),(1.378953040739105+6.266445263977879j),(1.4812572045149+2.557718757926475e-07j),(1.5830795294335855+0j)
60,700,(0.14215272138509216+4.5232604739752285j),(1.8321497403919638+8.31346000458271j),(1.7588220779199355+0j),(0.16036118632083676+3.9713368118215895j),(1.5130009197538419+3.884621373142646e-07j),(3.1759324948918985+4.4787154198721595j),(3.0553262817015603+3.379467118174526j),(0.21481215337824222+4.158048164613651j),(2.36317492414334-1.4440160361825407e-07j),(1.8209000000000002+0.06633137j),(1.7313000000000003+0j),(2.178378153430824+4.061532216158919j),(1.4974548162021721+0j),(2.540383321637534+4.488348423584803j),(1.5406+0j),(3.7831190590446715+0.012656144319068956j),(2.0166000000000004+7.83036536159823e-52j),(1.4553+0j),(2.408225916947908+3.1460594922166214j),(2.83-7.006492321624085e-45j),(3.842050143836045+2.8846093694730603j),(1+0j),(0.26955829901555856+1.451261009876076j),(2.864307814622872+3.1820169814559676j),(1.1346017606901189+6.724032768627914j),(0.1602142558344733+3.445780101549855j),(1.4735714151670114+0j),(1.53754+8.96e-07j),(1.5229078300708+0.0016574339738713j),(1.3958522050265392+6.309071582665133j),(1.48098+2.6300000000000007e-07j),(1.5828279874143976+0j)
61,705,(0.1434275903248787+4.560051485692012j),(1.8767939518972128+8.358066697771529j),(1.7587811467058716+0j),(0.1607017919302773+4.040275383973034j),(1.5129081129451045+3.871113967566577e-07j),(3.1983+4.4948j),(3.0544629854258845+3.383095582792029j),(0.21560323253070168+4.205851634612924j),(2.3624572449986596-1.5005595654615827e-07j),(1.8184719835777639+0.0669300257011019j),(1.7311+0j),(2.1957450770424654+4.083509099431998j),(1.4973+0j),(2.5551617342388115+4.51180882411051j),(1.54049907734754+0j),(3.777390188576093+0.011926275056279217j),(2.016183927520846-1.8002150744022667e-36j),(1.4551987291568103+0j),(2.430483839694432+3.161912757064978j),(2.8274929240758278-1.496783803646113e-28j),(3.8475286133521545+2.871131880130562j),(1+0j),(0.2702779201641474+1.4677427020665919j),(2.8590592771670575+3.191966264414038j),(1.1347293510988514+6.757565457968696j),(0.16106923756053226+3.475611323054317j),(1.473379620566152+0j),(1.5373638710823219+8.43073921806599e-07j),(1.5227680188156771+0.001643771537805402j),(1.412831588294632+6.35157792463711j),(1.4809447784303071+2.5813491433952223e-07j),(1.5825820138962423+0j)
62,710,(0.14464060786478117+4.596809374146754j),(1.9248880141827889+8.404019708358327j),(1.7590339386697995+0j),(0.16114443120537073+4.108025118869893j),(1.5127671689937197+3.845655186275125e-07j),(3.22355697116078+4.506255610593889j),(3.0543493229561953+3.3863701718384394j),(0.21660993087858627+4.253028673095171j),(2.361802383005368-1.194985463270835e-07j),(1.8161+0.06752584000000002j),(1.7309000000000003+0j),(2.2130383601107844+4.104831308087778j),(1.4971502103723517+0j),(2.569918050287847+4.5351719043543j),(1.5404+0j),(3.7709496247314003+0.011209753134884731j),(2.0158+1.044048714879764e-53j),(1.4550999999999998+0j),(2.453202435389113+3.1776168728281653j),(2.825-3.5032461608120427e-45j),(3.8506458463945448+2.85510093919056j),(1+0j),(0.2710175122087335+1.4842277541792908j),(2.855173047939006+3.2016206451524183j),(1.1348261520639296+6.792773290622458j),(0.16179832326032714+3.505808765922395j),(1.473191817384754+0j),(1.5372699999999997+8.020000000000001e-07j),(1.5226319666945165+0.0016304209485023336j),(1.4298911905433844+6.393964289893809j),(1.4809700000000001+2.57e-07j),(1.5823414444040846+0j)
63,715,(0.14579177400479953+4.633534139339453j),(1.9764319272486932+8.451319036343104j),(1.7593533629634073+0j),(0.161689104146117+4.1745860165121655j),(1.512626189147574+3.832682235337966e-07j),(3.250086459016555+4.518052432130149j),(3.0549080198408953+3.3896470475154175j),(0.2178322484218958+4.299579280060391j),(2.361141799704347-8.015132128479435e-08j),(1.8137842611919952+0.06811871675539681j),(1.7307000000000001+0j),(2.230258002635779+4.125498842126257j),(1.4970054473192262+0j),(2.5846522697846406+4.558437664316172j),(1.5402502003916405+0j),(3.7657395149597814+0.010955611872915435j),(2.0154924570714687+3.0886807639044822e-37j),(1.4550085369403853+0j),(2.475954921444726+3.1926097920412033j),(2.822549540149762+2.5680750082489764e-29j),(3.8513587919017485+2.836098906058059j),(1+0j),(0.27177707514931676+1.5007161662141737j),(2.852649126938715+3.2109801236711073j),(1.134892163585353+6.829656266589198j),(0.16240151293385785+3.5363724301540893j),(1.473007977994621+0j),(1.5373162156980134+7.821692502744399e-07j),(1.5224995405672552+0.0016173765038239567j),(1.4470310117727962+6.436230678435231j),(1.480874124903257+2.7541863817021926e-07j),(1.5821061205310656+0j)
64,720,(0.14687391604817315+4.670233394952596j),(2.031390953861221+8.499696807108974j),(1.7596243176889967+0j),(0.16233787089514357+4.2399399675833j),(1.5124853607155784+3.8185386960756683e-07j),(3.275672850540145+4.537000818042811j),(3.0561007041146144+3.39310306832388j),(0.21927430841444936+4.345501258009623j),(2.3604386707745215-4.674753691784099e-08j),(1.8115000000000003+0.06870857j),(1.7305+0j),(2.2474089552448553+4.145498543998056j),(1.4968656581363444+0j),(2.5993654009958957+4.581610377147048j),(1.5401+0j),(3.7617371745220405+0.011038354725191515j),(2.0151999999999997+9.787956701997787e-55j),(1.4548999999999999+0j),(2.4985293715865486+3.2066124203149684j),(2.8200000000000003-1.7516230804060213e-46j),(3.849707796484137+2.8163194499207282j),(1+0j),(0.27255589399190494+1.5171938866029568j),(2.8514875141661857+3.2200446999701047j),(1.1349273856631223+6.8682143858689155j),(0.16288758339256595+3.567270965277741j),(1.4728279320988+0j),(1.5373200000000002+7.670000000000001e-07j),(1.5223706185875667+0.0016046039909414448j),(1.4642510519828666+6.478377090261375j),(1.48072+2.9500000000000003e-07j),(1.581875889670184+0j)
65,725,(0.14765457843135837+4.7071538881876664j),(2.088793052629785+8.541657167148108j),(1.7598468028465672+0j),(0.16314837979375132+4.303580224614789j),(1.5123442178452777+3.804449581185286e-07j),(3.2999600138697365+4.557361295592001j),(3.057927375777354+3.396738234263829j),(0.22106973887958012+4.390723389536491j),(2.3596929962158892-1.9287193226223473e-08j),(1.8092224492702649+0.06929531376651729j),(1.7303000000000002+0j),(2.264651659808299+4.1644039986938655j),(1.496730526598029+0j),(2.6140901202234894+4.604828528794116j),(1.5399997203026157+0j),(3.7565537014978587+0.010510380738733206j),(2.014861330050343-5.29933839404226e-38j),(1.4547500492008767+0j),(2.520925785814583+3.2196247576494614j),(2.8172098350256034-4.406120130327285e-30j),(3.8456969966251116+2.796645403558229j),(1+0j),(0.2733471110258073+1.5335261427586413j),(2.8516882096214182+3.228814374049412j),(1.134931818297237+6.908447648461612j),(0.16350010928785846+3.5976343309310788j),(1.4726515971290712+0j),(1.5370988347295984+7.399105765467629e-07j),(1.5222450775576+0.0015920977077166598j),(1.4815513111735967+6.520403525372242j),(1.4805704721501498+2.973532566391621e-07j),(1.5816506047604308+0j)
66,730,(0.14802182109975212+4.744414441303794j),(2.1481964404846616+8.573793326168524j),(1.7600208184361188+0j),(0.16414683143527997+4.365276475961077j),(1.512204016952428+3.7903667984555404e-07j),(3.322109785741009+4.56500450889453j),(3.060388034829115+3.4005525453352634j),(0.22328288901160476+4.435211379568702j),(2.3589047760284507+2.2297097900582404e-09j),(1.8069999999999997+0.06987888j),(1.7301+0j),(2.282063377852774+4.182009864088515j),(1.4966+0j),(2.628842162892124+4.628158807807462j),(1.5399+0j),(3.7513566604179323+0.009964312836628932j),(2.0145-2.61012178719941e-54j),(1.4546+0j),(2.543144164128827+3.2316468040446824j),(2.8144000000000005+1.0947644252537633e-47j),(3.8388267867287706+2.7775996704769854j),(1+0j),(0.2741490119782579+1.5496792445788163j),(2.8532512133044117+3.2372891459090267j),(1.1349054614876968+6.950356054367287j),(0.16434941731562297+3.627068443912492j),(1.4724788971191747+0j),(1.5367400000000004+7.15e-07j),(1.522122799157208+0.0015798576541496026j),(1.4989317893449854+6.562309983767831j),(1.48033+2.91e-07j),(1.5814301240448678+0j)
67,735,(0.14797564405335437+4.782015054300978j),(2.2096011174258527+8.59610528417022j),(1.7601463644576518+0j),(0.16533322581972956+4.425028721622165j),(1.5120960895536013+3.7762525508532594e-07j),(3.342444737745052+4.563107545568013j),(3.0634826812698934+3.4045460015381823j),(0.22591375881052317+4.478965228106251j),(2.358074010212207+1.780317213100413e-08j),(1.8048810431864162+0.07045920064549951j),(1.7299000000000002+0j),(2.2996441093782787+4.198316140182002j),(1.4964740783422583+0j),(2.6436215290017984+4.65160121418708j),(1.5397514777926657+0j),(3.747467485259625+0.010047368350680234j),(2.0141395626264744+9.092227252087379e-39j),(1.4544911678543537+0j),(2.565184506529281+3.2426785595006313j),(2.8117914496966203+7.559706994739439e-31j),(3.8288335023729156+2.7594587537794593j),(1+0j),(0.274961596849257+1.5656531920634813j),(2.855683210086192+3.2455946022428273j),(1.1348483152345024+6.99393960358594j),(0.1654355074758595+3.6555733042219805j),(1.472309675388697+0j),(1.5363307759243976+7.063672904449832e-07j),(1.522003669864999+0.0015678838302402719j),(1.5163924864970333+6.604096465448142j),(1.4799030421958443+2.8446182199480804e-07j),(1.5812143108419705+0j)
68,740,(0.14751604729216508+4.81995572717922j),(2.273007083453357+8.608593041153197j),(1.760223440911166+0j),(0.16670756294710004+4.482836961598052j),(1.512024266620013+3.762142824472226e-07j),(3.362541959966442+4.56837107511584j),(3.0672113150996934+3.408718602872588j),(0.22896234827633544+4.521984935149141j),(2.3572006987671568+2.7433193796614185e-08j),(1.8028+0.07103621999999998j),(1.7297+0j),(2.317393854384813+4.213322826974329j),(1.4963527616248031+0j),(2.6584282185525128+4.675155747932973j),(1.5396+0j),(3.7431315007257946+0.009840049853015335j),(2.0138+4.384188939436509e-55j),(1.4544+0j),(2.587046813015946+3.2527200240173078j),(2.81+1.3684555315672042e-48j),(3.815957418174545+2.7426536000495916j),(1+0j),(0.2757848656388044+1.5814479852126369j),(2.858490884837783+3.2538563297446865j),(1.1347603795376533+7.0391982961175685j),(0.166758379768568+3.6831489118595453j),(1.4721439096928042+0j),(1.53593+7.07e-07j),(1.521887582595654+0.0015561715657815862j),(1.5339334026297406+6.645762970413177j),(1.4795800000000001+2.78e-07j),(1.5810030333277538+0j)
69,745,(0.14681407663322635+4.8581413174387045j),(2.335706707169947+8.614714900602106j),(1.7602520477966614+0j),(0.16817266912513873+4.539139620015329j),(1.5118803524081676+3.7479745414321614e-07j),(3.3826592466125818+4.581610272323097j),(3.0715739363185124+3.413070349338479j),(0.23224754812768275+4.564487913189481j),(2.3562848416933004+3.111977478688843e-08j),(1.800691291611237+0.07160988236048565j),(1.7295000000000003+0j),(2.335071537894376+4.227475580694691j),(1.496235392203068+0j),(2.6732543509124898+4.6987463164410235j),(1.5394914129413908+0j),(3.737903687692753+0.009155093737952268j),(2.0135012941908093-1.5599795721016784e-39j),(1.4543029436730006+0j),(2.608731083588821+3.2617711975947112j),(2.8096414667946776-1.2970406651637841e-31j),(3.800412996786157+2.727568860602752j),(1+0j),(0.2766188183469001+1.5970636240262825j),(2.8616742375591837+3.262074328414606j),(1.13464165439715+7.086132131962178j),(0.1681200268234816+3.7102962238606962j),(1.4719814381847727+0j),(1.5355965097240165+7.098856807833379e-07j),(1.5217744391911254+0.0015446928395310498j),(1.551554537743107+6.687309498662934j),(1.4796512746747832+2.7187581139198956e-07j),(1.5807961642363055+0j)
70,750,(0.14611272950128268+4.896436660228057j),(2.3940964061024657+8.619073513319748j),(1.7602321851141374+0j),(0.1695992160358876+4.594520194871553j),(1.5117404474303913+3.734901295233425e-07j),(3.403422863892366+4.593091732432516j),(3.0765705449263514+3.4176012409358543j),(0.23551206420953355+4.606783030790111j),(2.3553264389906383+2.8862915101826854e-08j),(1.7985999999999998+0.07218014j),(1.7293+0j),(2.3523346750696383+4.2414075259519715j),(1.496118024209656+0j),(2.688088730407607+4.72226481822613j),(1.5394+0j),(3.7330855854384652+0.00893942456974897j),(2.0132+1.0450682937028887e-55j),(1.4542+0j),(2.6302373182479073+3.269832080232844j),(2.8100000000000005+6.842277657836021e-48j),(3.782660177736273+2.7142668401510823j),(1+0j),(0.27746345497354424+1.6125001085044186j),(2.8652332682503956+3.2702485982525853j),(1.1344921398129921+7.134741111119766j),(0.1692578828261086+3.737679529599499j),(1.4718222214964802+0j),(1.5354400000000001+7.06e-07j),(1.5216641402469+0.0015334429812815802j),(1.5692558918371327+6.728736050197413j),(1.47977+2.67e-07j),(1.5805935807683311+0j)
